Metric,Value
Accuracy,0.9573014517506405
Precision,0.9573549737761655
Recall,0.9573014517506405
F1-Score,0.9572576784396082
