Model,Accuracy,Precision,Recall,F1-Score
Random Forest,0.8996584116140052,0.8988978407110592,0.8996584116140052,0.8983684474890826
Gradient Boosting,0.893467122117848,0.8931018947287704,0.893467122117848,0.8925934061735186
SVM,0.9410760034158838,0.9410775035818696,0.9410760034158838,0.9409564393539699
Logistic Regression,0.8887702818104184,0.8876000237096077,0.8887702818104184,0.8879009563577321
